CUST NO.,XCOORD.,YCOORD.,DEMAND,READY TIME,DUE DATE,SERVICE TIME
1,40,50,0,0,1236,0
2,8,35,10,305,361,90
3,25,53,10,705,742,90
4,0,47,30,525,571,90
5,23,25,10,382,430,90
6,3,36,20,392,438,90
7,24,34,10,829,887,90
8,24,77,20,935,1008,90
9,36,30,20,112,194,90
10,44,35,50,305,368,90
11,40,70,10,401,458,90
12,50,42,10,32,72,90
13,39,10,20,278,337,90
14,31,31,20,86,157,90
15,23,55,10,447,525,90
16,95,35,20,231,300,90
17,93,30,10,698,751,90
18,22,55,10,649,721,90
19,39,1,30,316,360,90
20,24,52,10,102,168,90
21,60,77,10,56,109,90
22,35,39,10,1058,1128,90
23,63,49,20,135,200,90
24,35,16,10,787,845,90
25,42,41,10,666,727,90
26,39,55,20,742,782,90
27,41,10,20,309,371,90
28,37,41,10,105,181,90
29,57,77,10,69,155,90
30,30,54,10,181,220,90
31,46,72,30,1071,1126,90
32,25,86,20,686,749,90
33,39,72,10,180,255,90
34,55,58,10,886,928,90
35,60,61,10,763,806,90
36,50,31,50,946,998,90
37,35,29,10,247,290,90
38,28,34,20,426,508,90
39,23,90,40,860,908,90
40,55,82,20,0,46,90
41,19,75,20,43,98,90
42,51,66,10,940,985,90
43,24,21,10,761,822,90
44,6,43,20,743,818,90
45,4,45,10,837,867,90
46,37,4,30,365,423,90
47,34,56,20,926,975,90
48,31,54,10,60,129,90
49,60,85,10,722,789,90
50,62,84,30,503,568,90
51,26,24,10,346,398,90
52,5,45,30,437,478,90
53,55,76,20,23,65,90
54,22,54,20,563,622,90
55,69,58,20,483,537,90
56,88,29,10,491,565,90
57,70,76,10,594,651,90
58,60,86,30,561,617,90
59,83,36,30,88,158,90
60,5,40,20,376,420,90
61,53,73,10,303,354,90
62,45,39,10,644,692,90
63,50,65,10,958,1005,90
64,27,33,10,997,1067,90
65,34,69,10,121,171,90
66,24,37,10,880,947,90
67,89,34,10,588,651,90
68,66,51,10,320,382,90
69,30,57,10,767,819,90
70,44,3,20,314,376,90
71,44,23,10,580,645,90
72,24,36,10,1030,1096,90
73,45,31,10,598,645,90
74,42,8,30,479,532,90
75,60,83,10,981,1033,90
76,66,54,20,896,960,90
77,89,22,10,684,750,90
78,53,43,20,246,301,90
79,20,57,10,309,360,90
80,25,86,20,707,770,90
81,52,85,20,665,733,90
82,16,91,40,494,544,90
83,22,52,20,571,623,90
84,22,56,10,165,226,90
85,36,34,10,187,268,90
86,36,78,10,503,572,90
87,35,67,10,542,608,90
88,58,53,10,175,246,90
89,29,53,20,717,792,90
90,3,46,10,649,693,90
91,40,64,10,0,51,90
92,73,55,30,501,538,90
93,24,31,10,780,844,90
94,21,87,20,533,599,90
95,48,65,10,940,1001,90
96,22,48,10,300,359,90
97,51,33,10,415,467,90
98,33,65,20,272,339,90
99,36,56,10,0,57,90
100,5,33,10,728,789,90
101,66,65,30,612,679,90
102,42,1,20,633,715,90
103,39,3,30,401,454,90
104,52,93,20,694,769,90
105,20,79,40,468,518,90
106,35,64,10,448,507,90
107,63,54,20,579,628,90
108,42,6,40,178,240,90
109,43,13,40,850,896,90
110,22,50,10,340,382,90
111,59,81,20,202,247,90
112,30,54,20,558,613,90
113,28,28,10,670,735,90
114,0,45,30,509,551,90
115,46,16,10,724,791,90
116,44,73,20,132,197,90
117,34,43,10,473,537,90
118,50,39,10,884,950,90
119,39,12,20,239,315,90
120,11,37,20,584,636,90
121,48,29,10,632,694,90
122,90,42,10,349,401,90
123,61,50,10,789,863,90
124,37,8,40,199,275,90
125,10,50,10,241,282,90
126,75,53,20,344,399,90
127,81,42,30,13,92,90
128,24,38,10,985,1044,90
129,21,20,10,460,523,90
130,97,27,10,287,357,90
131,6,25,20,236,277,90
132,36,66,20,9,68,90
133,31,22,20,94,176,90
134,32,28,10,413,466,90
135,62,55,30,80,134,90
136,31,25,10,528,591,90
137,57,78,10,76,148,90
138,43,62,10,86,164,90
139,23,70,20,419,470,90
140,52,28,10,1073,1123,90
141,46,45,10,99,152,90
142,29,3,20,533,597,90
143,26,30,10,1038,1120,90
144,49,29,10,56,107,90
145,47,19,10,61,117,90
146,40,30,20,38,119,90
147,16,87,40,482,536,90
148,35,64,10,330,385,90
149,11,44,40,115,190,90
150,62,83,30,558,627,90
151,82,34,10,841,899,90
152,60,82,20,353,420,90
153,21,32,10,1007,1064,90
154,60,54,10,786,837,90
155,29,30,10,737,808,90
156,31,34,10,592,650,90
157,32,73,10,915,979,90
158,31,32,10,43,107,90
159,55,75,10,1010,1063,90
160,24,59,10,905,976,90
161,91,30,10,743,794,90
162,36,66,10,418,466,90
163,23,39,10,1078,1146,90
164,34,14,40,1001,1042,90
165,29,46,10,0,75,90
166,38,20,40,29,101,90
167,65,52,20,78,129,90
168,21,32,10,644,708,90
169,67,58,10,173,253,90
170,71,60,20,753,812,90
171,0,44,10,713,770,90
172,28,34,10,797,861,90
173,29,26,10,675,733,90
174,8,43,40,51,128,90
175,31,37,10,717,787,90
176,63,58,10,16,78,90
177,57,35,50,69,127,90
178,64,70,30,659,716,90
179,65,77,30,173,212,90
180,85,26,10,575,627,90
181,33,54,20,869,928,90
182,43,17,10,612,710,90
183,47,29,10,618,671,90
184,52,28,10,432,482,90
185,64,57,20,517,592,90
186,68,54,10,210,260,90
187,1,43,40,79,154,90
188,26,31,10,713,778,90
189,35,65,10,42,115,90
190,26,43,10,94,167,90
191,9,36,20,388,434,90
192,10,78,10,281,353,90
193,59,80,30,550,608,90
194,42,67,10,731,797,90
195,33,63,20,249,325,90
196,57,84,10,350,404,90
197,23,74,20,63,104,90
198,37,60,10,365,404,90
199,100,24,30,1075,1144,90
200,56,74,10,115,169,90
201,24,26,10,794,860,90
202,29,52,10,318,379,90
203,26,54,10,485,552,90
204,36,33,30,400,469,90
205,44,38,10,0,47,90
206,65,51,10,29,108,90
207,50,39,50,306,361,90
208,65,65,30,574,639,90
209,23,50,20,1061,1114,90
210,84,28,10,881,940,90
211,39,11,20,567,635,90
212,0,49,20,15,74,90
213,88,33,30,47,122,90
214,12,70,20,48,104,90
215,62,24,10,491,551,90
216,87,29,10,814,868,90
217,60,48,20,127,189,90
218,52,74,20,107,155,90
219,15,35,20,148,184,90
220,34,27,10,234,303,90
221,53,83,30,531,580,90
222,54,30,50,358,430,90
223,52,36,10,722,772,90
224,89,27,10,648,720,90
225,19,53,10,97,180,90
226,36,14,40,0,41,90
227,34,33,10,239,304,90
228,70,51,10,558,628,90
229,36,12,40,39,98,90
230,2,40,20,360,414,90
231,7,46,30,10,71,90
232,77,56,20,335,393,90
233,43,66,20,166,254,90
234,42,70,20,658,740,90
235,43,60,10,69,147,90
236,29,54,20,788,860,90
237,63,75,30,167,212,90
238,40,73,20,95,129,90
239,14,88,10,487,553,90
240,60,57,10,821,875,90
241,31,53,10,702,751,90
242,27,86,20,633,705,90
243,38,62,10,8,77,90
244,22,53,10,221,262,90
245,57,82,10,69,160,90
246,64,82,10,785,839,90
247,45,64,20,196,260,90
248,84,39,30,119,188,90
249,36,31,30,429,487,90
250,68,56,20,84,164,90
251,57,80,10,0,61,90
252,48,29,10,559,632,90
253,40,72,10,543,622,90
254,75,56,20,328,398,90
255,45,70,30,263,303,90
256,87,33,10,534,602,90
257,64,53,20,89,151,90
258,36,65,20,150,205,90
259,69,61,20,413,480,90
260,32,68,10,388,431,90
261,20,51,20,537,598,90
262,97,31,20,394,471,90
263,48,37,10,801,831,90
264,46,38,10,885,941,90
265,47,37,10,924,978,90
266,63,56,10,848,900,90
267,6,43,30,0,78,90
268,19,83,10,13,82,90
269,32,35,10,170,236,90
270,68,86,40,1097,1145,90
271,42,70,10,723,780,90
272,41,76,20,213,278,90
273,40,8,40,25,71,90
274,54,30,10,464,511,90
275,49,27,10,489,577,90
276,42,29,10,641,717,90
277,89,31,10,548,623,90
278,59,83,10,54,116,90
279,15,76,20,74,121,90
280,58,57,10,210,276,90
281,100,37,10,297,354,90
282,38,4,30,143,192,90
283,60,80,20,644,718,90
284,45,7,20,871,940,90
285,0,36,20,698,732,90
286,16,30,40,186,269,90
287,63,62,10,157,219,90
288,75,55,10,155,217,90
289,38,18,40,175,259,90
290,48,37,10,56,110,90
291,50,38,10,653,700,90
292,12,83,10,231,284,90
293,20,48,20,550,600,90
294,39,9,30,490,557,90
295,31,32,10,0,56,90
296,31,37,10,141,202,90
297,43,69,10,64,141,90
298,24,51,10,940,1015,90
299,27,81,30,63,135,90
300,91,28,10,328,409,90
301,42,64,10,56,133,90
302,70,52,20,359,418,90
303,0,43,20,572,627,90
304,49,63,20,1057,1137,90
305,11,33,20,248,280,90
306,25,53,10,51,130,90
307,25,30,10,759,824,90
308,36,1,30,252,320,90
309,58,82,10,130,186,90
310,30,37,20,57,154,90
311,13,48,20,672,731,90
312,35,34,10,1052,1131,90
313,11,38,10,264,327,90
314,50,40,10,669,722,90
315,8,39,10,252,315,90
316,8,45,20,795,853,90
317,15,47,30,943,1018,90
318,34,9,30,379,423,90
319,49,36,10,93,153,90
320,42,66,20,242,314,90
321,31,25,30,469,544,90
322,89,32,20,917,984,90
323,42,27,10,327,375,90
324,85,23,10,796,843,90
325,29,51,20,742,805,90
326,62,61,30,533,591,90
327,5,52,10,691,739,90
328,42,64,10,91,161,90
329,86,34,10,191,270,90
330,20,81,20,664,739,90
331,70,54,20,1027,1073,90
332,44,67,10,37,85,90
333,27,55,40,194,260,90
334,73,59,20,421,466,90
335,9,42,30,109,165,90
336,77,58,20,828,889,90
337,46,70,10,974,1033,90
338,30,36,10,493,556,90
339,32,88,20,700,773,90
340,63,51,10,660,723,90
341,73,59,20,641,688,90
342,40,63,10,409,468,90
343,29,54,20,944,989,90
344,65,59,10,847,902,90
345,50,39,50,172,214,90
346,30,28,10,393,447,90
347,39,22,10,663,753,90
348,36,67,20,200,268,90
349,34,49,20,332,382,90
350,73,47,20,1027,1090,90
351,45,71,10,50,127,90
352,52,57,10,828,883,90
353,57,71,20,19,72,90
354,27,54,20,984,1026,90
355,65,59,30,542,605,90
356,58,80,20,683,774,90
357,45,62,20,1030,1099,90
358,60,65,10,605,659,90
359,58,87,30,565,627,90
360,32,54,10,702,775,90
361,43,74,10,232,278,90
362,73,46,10,157,215,90
363,44,59,10,0,51,90
364,48,11,10,77,130,90
365,64,62,10,650,705,90
366,88,34,10,657,723,90
367,17,86,40,488,534,90
368,59,87,30,552,619,90
369,41,5,30,460,499,90
370,20,80,40,913,954,90
371,65,82,20,393,459,90
372,27,29,30,432,488,90
373,10,42,20,810,886,90
374,21,82,40,353,406,90
375,64,53,20,43,89,90
376,19,78,20,742,807,90
377,88,27,10,633,701,90
378,86,23,10,608,674,90
379,2,40,20,385,449,90
380,25,47,10,657,723,90
381,26,83,30,513,579,90
382,37,4,20,582,636,90
383,49,31,10,688,742,90
384,26,48,20,803,875,90
385,87,34,30,331,416,90
386,65,63,10,693,763,90
387,34,51,10,454,506,90
388,60,54,30,558,624,90
389,40,6,20,343,400,90
390,31,18,10,551,607,90
391,34,26,10,343,396,90
392,41,28,10,282,335,90
393,90,30,20,108,166,90
394,31,30,10,515,571,90
395,35,64,10,474,532,90
396,31,23,10,535,603,90
397,36,51,10,0,72,90
398,39,13,10,150,212,90
399,22,75,20,132,179,90
400,76,55,20,523,583,90
401,73,81,40,469,520,90
402,61,65,10,832,888,90
403,57,84,20,684,757,90
404,28,50,10,336,399,90
405,6,49,10,388,447,90
406,34,18,30,518,578,90
407,0,46,10,640,688,90
408,58,80,20,36,94,90
409,44,69,20,232,305,90
410,37,0,30,422,484,90
411,22,84,40,392,440,90
412,24,51,10,283,338,90
413,56,60,10,0,57,90
414,34,6,20,557,625,90
415,24,52,20,945,1005,90
416,43,32,20,285,343,90
417,32,41,10,55,116,90
418,63,54,30,672,738,90
419,32,66,10,519,585,90
420,49,30,10,572,649,90
421,57,77,30,236,293,90
422,79,58,20,886,940,90
423,35,25,10,491,521,90
424,31,51,20,857,939,90
425,54,81,10,751,820,90
426,46,69,10,765,818,90
427,24,88,20,645,703,90
428,15,40,20,750,815,90
429,17,55,40,455,513,90
430,30,50,10,11,75,90
431,55,54,10,17,89,90
432,56,69,20,46,99,90
433,89,22,10,786,826,90
434,26,50,10,622,694,90
435,0,40,20,981,1041,90
436,97,25,30,381,457,90
437,12,31,20,220,260,90
438,86,27,10,651,707,90
439,58,31,10,325,375,90
440,98,29,30,384,452,90
441,10,37,40,101,173,90
442,38,56,10,110,189,90
443,8,39,40,669,738,90
444,30,59,10,0,50,90
445,41,72,20,179,219,90
446,31,29,10,378,432,90
447,37,72,20,308,378,90
448,45,72,10,989,1037,90
449,93,39,20,912,982,90
450,39,2,30,560,624,90
451,46,31,10,42,97,90
452,36,32,10,291,346,90
453,46,3,20,299,359,90
454,58,83,30,542,610,90
455,91,32,20,100,160,90
456,4,42,20,377,418,90
457,43,7,20,571,639,90
458,13,43,30,64,148,90
459,23,77,20,219,295,90
460,44,36,10,909,963,90
461,13,83,10,276,355,90
462,41,71,20,585,664,90
463,43,0,20,272,340,90
464,33,33,10,550,610,90
465,67,55,10,764,832,90
466,41,8,30,747,816,90
467,25,86,40,509,565,90
468,39,66,20,752,823,90
469,61,80,10,706,780,90
470,29,67,10,509,571,90
471,22,87,40,346,387,90
472,50,64,20,221,287,90
473,94,33,10,549,619,90
474,94,36,20,287,365,90
475,19,48,10,14,96,90
476,47,32,10,569,631,90
477,26,48,20,924,970,90
478,24,55,10,82,160,90
479,89,33,10,603,661,90
480,87,39,30,38,113,90
481,31,58,10,723,767,90
482,45,75,20,638,729,90
483,25,49,20,40,77,90
484,23,33,10,943,1006,90
485,68,54,10,333,405,90
486,66,61,30,596,668,90
487,12,43,40,115,182,90
488,35,25,10,389,439,90
489,93,25,30,395,464,90
490,51,24,10,502,581,90
491,18,42,10,326,376,90
492,27,44,40,172,235,90
493,43,42,10,34,100,90
494,28,55,20,841,918,90
495,11,50,10,289,339,90
496,21,52,10,265,327,90
497,21,54,10,433,494,90
498,31,32,10,636,686,90
499,75,55,20,443,490,90
500,30,30,10,666,720,90
501,71,60,30,498,548,90
502,86,31,30,33,110,90
503,91,41,20,117,164,90
504,15,54,10,443,488,90
505,34,35,30,450,512,90
506,92,39,10,227,281,90
507,22,57,10,713,754,90
508,5,32,10,262,323,90
509,35,32,10,0,73,90
510,35,66,10,568,642,90
511,56,58,10,728,794,90
512,84,25,30,52,123,90
513,35,66,10,341,404,90
514,54,56,10,19,74,90
515,94,39,20,265,349,90
516,28,63,20,539,596,90
517,15,83,10,284,358,90
518,92,29,10,493,557,90
519,47,78,10,831,911,90
520,52,30,50,724,786,90
521,20,74,40,434,473,90
522,72,59,30,600,660,90
523,54,22,10,536,623,90
524,48,9,40,191,256,90
525,34,1,30,492,561,90
526,52,84,20,653,729,90
527,46,66,20,1007,1079,90
528,37,70,20,132,187,90
529,21,69,30,50,110,90
530,36,15,40,37,80,90
531,53,36,10,0,74,90
532,70,85,30,532,600,90
533,65,82,30,637,691,90
534,21,35,10,889,955,90
535,47,3,20,292,354,90
536,24,29,10,606,666,90
537,39,64,20,235,295,90
538,17,77,40,311,361,90
539,29,31,10,359,393,90
540,93,36,20,594,650,90
541,24,58,10,30,105,90
542,14,43,40,65,132,90
543,82,37,10,699,755,90
544,47,34,10,924,968,90
545,42,68,10,0,54,90
546,4,37,30,125,195,90
547,22,31,10,861,921,90
548,40,5,30,262,314,90
549,60,76,10,95,158,90
550,26,35,10,552,621,90
551,61,88,20,400,470,90
552,25,31,10,547,621,90
553,95,35,30,663,730,90
554,31,28,10,254,286,90
555,64,57,10,691,758,90
556,3,44,10,683,738,90
557,21,51,40,1047,1099,90
558,17,80,40,503,561,90
559,63,84,10,65,134,90
560,15,87,40,444,489,90
561,82,27,20,56,112,90
562,50,84,20,1034,1122,90
563,57,62,10,824,883,90
564,88,27,10,159,216,90
565,20,51,10,818,871,90
566,29,46,10,72,146,90
567,27,58,20,934,983,90
568,94,27,30,670,738,90
569,59,82,10,42,96,90
570,6,37,10,301,360,90
571,61,86,10,254,312,90
572,2,29,20,137,174,90
573,40,15,10,452,553,90
574,51,3,20,232,295,90
575,61,52,10,103,181,90
576,10,74,20,184,267,90
577,43,18,10,86,143,90
578,61,60,10,848,910,90
579,47,24,10,769,802,90
580,29,36,30,502,574,90
581,57,83,30,179,228,90
582,13,72,20,45,123,90
583,55,60,10,816,870,90
584,71,55,10,237,311,90
585,91,32,20,143,200,90
586,22,54,10,415,480,90
587,57,78,30,186,227,90
588,67,68,30,323,371,90
589,37,17,40,55,99,90
590,94,35,20,122,199,90
591,29,54,20,752,818,90
592,29,55,10,785,829,90
593,13,36,20,184,228,90
594,52,29,10,645,702,90
595,65,92,40,497,539,90
596,43,38,10,847,906,90
597,16,47,10,301,338,90
598,37,0,20,603,666,90
599,34,5,30,461,517,90
600,57,57,10,0,79,90
601,39,15,40,0,54,90
602,85,26,10,674,748,90
603,75,54,10,364,448,90
604,39,10,10,149,224,90
605,8,32,10,272,346,90
606,17,77,10,579,627,90
607,40,72,10,854,956,90
608,100,32,30,397,465,90
609,55,39,50,356,414,90
610,43,23,10,600,684,90
611,36,3,30,507,567,90
612,38,10,30,400,436,90
613,46,27,10,526,597,90
614,55,32,10,446,503,90
615,20,53,20,842,917,90
616,49,8,40,159,221,90
617,22,54,10,312,360,90
618,7,52,10,624,676,90
619,84,22,10,767,815,90
620,16,35,20,396,426,90
621,18,55,10,397,468,90
622,62,85,40,483,531,90
623,26,56,10,251,325,90
624,26,66,10,489,543,90
625,84,31,10,675,723,90
626,46,64,10,0,51,90
627,57,75,20,94,146,90
628,8,42,40,60,139,90
629,32,52,40,234,271,90
630,58,86,20,665,739,90
631,34,39,10,1026,1083,90
632,33,54,20,828,900,90
633,25,47,10,373,406,90
634,48,45,10,76,127,90
635,39,30,10,183,244,90
636,56,77,20,21,78,90
637,41,66,10,50,131,90
638,38,61,10,76,156,90
639,47,67,20,198,254,90
640,48,40,10,809,868,90
641,38,12,40,167,239,90
642,49,38,50,284,337,90
643,20,75,30,70,134,90
644,73,57,10,287,373,90
645,59,61,10,70,139,90
646,29,26,10,403,466,90
647,32,33,10,990,1070,90
648,12,36,30,76,137,90
649,3,40,20,317,374,90
650,29,50,40,168,228,90
651,13,80,20,368,448,90
652,50,36,10,833,900,90
653,33,23,10,606,672,90
654,23,25,10,623,693,90
655,41,31,10,51,108,90
656,39,36,10,12,86,90
657,10,39,20,561,626,90
658,27,34,10,1037,1105,90
659,46,63,20,616,683,90
660,44,35,10,607,661,90
661,24,82,40,474,530,90
662,41,67,10,58,138,90
663,58,62,10,869,922,90
664,47,40,10,924,964,90
665,64,84,10,564,637,90
666,42,61,20,153,213,90
667,44,42,10,67,131,90
668,79,51,10,244,311,90
669,28,56,20,823,891,90
670,44,34,20,214,275,90
671,57,25,10,428,474,90
672,90,37,10,466,538,90
673,41,14,10,646,730,90
674,19,52,10,624,690,90
675,49,30,10,613,676,90
676,73,62,20,392,456,90
677,44,66,10,12,62,90
678,44,64,20,203,271,90
679,3,50,20,804,887,90
680,40,10,10,642,743,90
681,68,55,20,92,166,90
682,18,45,10,391,443,90
683,100,31,20,231,304,90
684,53,85,10,760,843,90
685,53,23,10,582,652,90
686,48,37,10,942,986,90
687,26,33,10,949,1006,90
688,2,44,20,167,208,90
689,89,26,10,622,698,90
690,93,38,20,124,194,90
691,26,23,30,449,502,90
692,68,76,10,405,445,90
693,52,27,10,466,523,90
694,63,81,10,100,173,90
695,88,32,20,52,107,90
696,34,33,10,258,332,90
697,84,32,30,12,82,90
698,27,34,10,261,342,90
699,44,66,20,442,519,90
700,62,83,30,255,288,90
701,20,74,30,37,86,90
702,38,13,10,739,821,90
703,38,61,20,170,230,90
704,27,42,10,565,626,90
705,0,40,20,916,972,90
706,36,4,20,887,967,90
707,0,42,20,595,651,90
708,11,45,10,648,692,90
709,1,45,20,408,460,90
710,35,30,10,174,239,90
711,34,49,20,940,992,90
712,47,40,10,0,79,90
713,10,28,20,223,256,90
714,17,53,10,337,375,90
715,29,82,20,627,696,90
716,88,32,30,30,108,90
717,61,59,10,837,894,90
718,29,80,20,1042,1120,90
719,5,34,20,380,422,90
720,71,53,20,661,715,90
721,23,86,40,71,110,90
722,44,30,10,18,82,90
723,79,54,20,403,458,90
724,23,38,30,474,529,90
725,57,87,20,584,664,90
726,53,83,20,674,751,90
727,25,55,10,399,458,90
728,44,68,10,383,455,90
729,34,81,20,465,534,90
730,40,67,10,124,215,90
731,60,57,20,46,96,90
732,29,26,10,358,410,90
733,36,30,30,380,444,90
734,36,64,20,1048,1132,90
735,68,61,30,662,730,90
736,35,39,10,792,856,90
737,59,79,10,220,285,90
738,9,37,20,244,283,90
739,46,42,10,42,94,90
740,37,74,10,0,43,90
741,34,69,10,415,469,90
742,38,1,30,499,565,90
743,53,35,50,324,390,90
744,37,26,10,346,396,90
745,28,51,10,752,800,90
746,53,31,50,357,424,90
747,30,32,10,1060,1146,90
748,37,74,20,616,685,90
749,40,74,10,8,102,90
750,61,70,20,0,57,90
751,32,55,20,865,907,90
752,45,35,10,503,534,90
753,28,51,10,998,1061,90
754,30,48,10,975,1043,90
755,70,60,10,281,354,90
756,18,81,10,256,319,90
757,19,84,20,629,704,90
758,49,35,10,17,78,90
759,25,50,20,963,1021,90
760,11,44,10,1088,1129,90
761,87,35,10,534,592,90
762,40,69,20,764,836,90
763,11,78,20,85,135,90
764,72,56,10,155,209,90
765,32,28,10,793,856,90
766,41,63,10,55,141,90
767,4,41,20,409,462,90
768,40,11,40,197,263,90
769,31,73,10,204,267,90
770,51,71,10,892,948,90
771,36,0,20,440,524,90
772,31,86,20,622,695,90
773,59,57,10,773,820,90
774,40,17,10,828,901,90
775,54,64,20,557,620,90
776,96,30,10,483,572,90
777,42,72,20,279,351,90
778,27,57,10,0,46,90
779,96,24,10,506,574,90
780,20,50,20,542,586,90
781,40,35,20,68,145,90
782,51,30,10,456,517,90
783,58,53,20,56,121,90
784,49,34,10,850,899,90
785,32,86,40,520,576,90
786,39,15,40,399,477,90
787,30,27,10,621,694,90
788,43,61,20,208,266,90
789,16,56,10,720,782,90
790,29,36,10,1038,1096,90
791,19,59,10,632,714,90
792,20,75,40,329,383,90
793,39,33,20,62,144,90
794,27,56,20,781,858,90
795,40,40,10,42,105,90
796,49,71,10,670,720,90
797,28,56,10,631,710,90
798,65,78,10,960,1014,90
799,47,36,10,947,1008,90
800,46,67,20,568,621,90
801,5,36,20,1055,1100,90
802,92,35,20,279,342,90
803,28,43,10,58,131,90
804,47,30,10,553,635,90
805,34,37,10,57,125,90
806,46,9,30,394,444,90
807,79,25,10,756,829,90
808,32,51,10,749,793,90
809,22,79,40,463,493,90
810,52,32,20,201,235,90
811,42,5,30,394,439,90
812,39,10,10,646,738,90
813,61,70,20,63,116,90
814,93,27,10,196,253,90
815,57,29,10,14,75,90
816,28,47,10,32,89,90
817,50,79,10,460,527,90
818,39,15,10,443,536,90
819,61,54,20,134,187,90
820,94,35,30,24,118,90
821,20,86,40,454,518,90
822,12,37,40,93,173,90
823,40,67,10,74,173,90
824,31,68,10,435,485,90
825,43,3,20,156,232,90
826,62,85,30,551,598,90
827,34,33,10,11,85,90
828,45,9,20,324,368,90
829,32,30,10,769,837,90
830,0,34,30,535,565,90
831,0,35,20,441,506,90
832,39,82,30,804,855,90
833,28,36,10,821,887,90
834,77,56,20,341,387,90
835,39,60,10,987,1056,90
836,48,0,20,183,241,90
837,57,40,10,638,696,90
838,28,25,10,626,676,90
839,42,67,10,0,50,90
840,25,78,30,385,433,90
841,44,33,10,174,244,90
842,94,37,10,194,243,90
843,76,66,20,336,384,90
844,64,42,10,789,848,90
845,93,33,20,387,447,90
846,27,29,10,788,863,90
847,21,53,10,623,709,90
848,37,68,20,614,695,90
849,32,75,10,457,503,90
850,34,40,10,626,676,90
851,10,51,20,741,786,90
852,51,37,20,246,296,90
853,24,84,20,615,661,90
854,53,31,10,443,495,90
855,66,48,20,103,151,90
856,71,59,10,244,320,90
857,89,41,10,215,266,90
858,22,45,10,267,317,90
859,42,65,10,95,169,90
860,11,85,10,254,312,90
861,29,26,10,395,453,90
862,2,43,30,466,513,90
863,37,71,10,191,249,90
864,17,72,20,74,110,90
865,98,36,20,276,345,90
866,21,59,10,629,704,90
867,47,29,10,471,516,90
868,39,18,10,16,82,90
869,31,52,20,869,948,90
870,52,40,50,99,148,90
871,33,17,10,646,733,90
872,33,36,30,437,488,90
873,70,59,10,768,830,90
874,38,19,10,86,154,90
875,32,25,20,0,88,90
876,61,82,10,101,175,90
877,31,29,10,746,805,90
878,20,46,10,58,127,90
879,86,22,10,686,747,90
880,52,40,10,883,944,90
881,60,56,10,778,833,90
882,14,77,20,185,248,90
883,92,41,10,224,277,90
884,83,24,10,459,508,90
885,18,80,40,385,432,90
886,14,75,20,291,332,90
887,100,34,30,402,477,90
888,52,40,10,772,823,90
889,38,50,20,951,1003,90
890,19,83,10,550,598,90
891,33,35,10,525,568,90
892,46,75,30,825,859,90
893,45,70,10,0,70,90
894,57,89,20,672,749,90
895,16,33,20,247,277,90
896,23,74,20,123,170,90
897,37,28,10,253,324,90
898,20,60,10,414,459,90
899,34,70,10,473,518,90
900,18,80,40,839,874,90
901,27,56,10,773,812,90
902,33,33,10,990,1054,90
903,46,39,10,159,205,90
904,46,65,30,923,967,90
905,26,81,20,629,703,90
906,92,21,10,998,1046,90
907,25,76,30,0,65,90
908,70,83,30,647,689,90
909,41,67,10,67,160,90
910,20,79,40,492,542,90
911,14,37,20,215,245,90
912,24,33,10,343,397,90
913,43,33,10,490,561,90
914,90,31,10,526,601,90
915,36,63,20,172,231,90
916,44,65,10,777,826,90
917,27,34,10,61,142,90
918,3,45,10,691,760,90
919,12,42,20,754,820,90
920,64,50,10,0,66,90
921,37,65,20,195,255,90
922,13,80,10,281,350,90
923,46,11,40,176,235,90
924,15,46,10,346,376,90
925,36,31,20,63,139,90
926,39,30,10,363,412,90
927,73,84,20,366,431,90
928,49,31,10,839,893,90
929,34,46,20,975,1025,90
930,11,42,20,203,269,90
931,28,54,20,793,856,90
932,88,32,10,526,584,90
933,28,31,10,566,637,90
934,18,87,40,480,540,90
935,58,60,10,883,937,90
936,5,42,40,81,158,90
937,34,20,40,582,645,90
938,10,32,30,757,814,90
939,98,26,30,383,455,90
940,31,39,10,1060,1132,90
941,46,6,20,273,327,90
942,34,73,10,0,70,90
943,64,58,10,857,902,90
944,92,37,20,757,827,90
945,70,56,20,277,347,90
946,21,55,10,252,312,90
947,73,53,30,541,599,90
948,85,30,20,136,203,90
949,97,40,20,219,292,90
950,56,73,20,113,157,90
951,88,29,20,118,201,90
952,8,40,20,694,762,90
953,51,44,10,86,140,90
954,30,54,20,548,594,90
955,54,36,50,323,384,90
956,43,66,10,264,315,90
957,34,30,10,16,91,90
958,36,71,10,439,494,90
959,15,78,20,226,296,90
960,59,54,10,697,765,90
961,69,52,10,232,292,90
962,32,33,10,229,278,90
963,61,61,30,666,736,90
964,86,41,30,38,118,90
965,43,70,10,682,719,90
966,14,60,10,61,114,90
967,63,52,10,32,104,90
968,42,62,20,568,638,90
969,49,46,10,60,122,90
970,27,40,20,108,195,90
971,25,39,10,1042,1111,90
972,100,33,10,798,865,90
973,48,23,10,740,787,90
974,71,56,20,485,539,90
975,12,29,20,224,270,90
976,52,26,10,404,444,90
977,54,39,10,96,165,90
978,31,44,10,55,132,90
979,63,55,20,480,540,90
980,60,83,30,212,251,90
981,44,32,10,700,744,90
982,50,36,10,966,1022,90
983,53,35,10,839,896,90
984,60,55,10,201,258,90
985,52,31,10,614,673,90
986,46,65,10,63,153,90
987,45,64,10,66,153,90
988,35,69,20,585,671,90
989,20,71,20,79,122,90
990,23,88,20,657,712,90
991,27,32,10,809,865,90
992,78,80,10,120,172,90
993,59,86,30,625,686,90
994,22,50,10,341,386,90
995,53,25,10,413,461,90
996,48,65,10,847,925,90
997,51,32,20,266,327,90
998,28,32,10,916,954,90
999,52,39,20,238,294,90
1000,53,85,20,765,849,90
1001,55,77,10,481,558,90
1002,4,39,10,264,313,90
1003,72,52,10,171,227,90
1004,12,89,10,252,321,90
1005,58,30,50,72,129,90
1006,38,2,20,1017,1067,90
1007,22,84,10,538,587,90
1008,37,17,10,124,186,90
1009,30,19,10,690,791,90
1010,66,60,10,159,231,90
1011,36,30,10,34,89,90
1012,19,56,10,855,908,90
1013,46,27,10,589,671,90
1014,30,68,10,563,641,90
1015,61,59,10,794,879,90
1016,41,15,40,0,51,90
1017,41,65,20,238,310,90
1018,30,29,10,274,327,90
1019,26,82,20,600,665,90
1020,61,60,10,818,860,90
1021,23,56,20,446,504,90
1022,21,88,40,479,522,90
1023,88,31,10,461,525,90
1024,32,22,10,609,688,90
1025,47,28,10,686,745,90
1026,27,30,10,855,918,90
1027,53,64,20,946,1012,90
1028,30,25,10,482,545,90
1029,65,82,30,184,232,90
1030,93,45,30,78,149,90
1031,28,53,40,292,343,90
1032,21,47,10,76,140,90
1033,42,68,10,39,114,90
1034,52,27,50,202,256,90
1035,95,35,10,457,521,90
1036,58,52,10,0,63,90
1037,45,47,50,148,189,90
1038,23,54,20,562,612,90
1039,31,33,10,355,400,90
1040,91,22,10,630,715,90
1041,25,53,20,848,922,90
1042,92,33,10,528,607,90
1043,62,83,40,262,304,90
1044,43,27,10,746,812,90
1045,78,53,10,284,354,90
1046,27,47,10,316,355,90
1047,38,33,20,406,490,90
1048,29,30,10,906,953,90
1049,59,86,30,584,633,90
1050,27,30,10,622,684,90
1051,62,57,20,73,154,90
1052,24,82,30,16,75,90
1053,37,68,20,213,282,90
1054,49,71,10,894,950,90
1055,81,28,10,654,713,90
1056,34,28,10,707,750,90
1057,14,75,20,54,92,90
1058,28,46,30,447,500,90
1059,49,36,10,359,406,90
1060,21,47,10,719,760,90
1061,35,9,10,31,85,90
1062,59,58,10,0,71,90
1063,28,87,10,499,550,90
1064,18,45,10,344,402,90
1065,89,28,10,568,650,90
1066,19,54,10,467,527,90
1067,39,73,10,1044,1107,90
1068,0,38,30,456,486,90
1069,86,28,10,754,796,90
1070,26,45,40,189,242,90
1071,30,90,20,231,301,90
1072,44,70,30,895,932,90
1073,30,28,10,560,617,90
1074,47,33,10,915,971,90
1075,50,38,10,489,537,90
1076,20,51,10,675,745,90
1077,23,77,40,449,497,90
1078,28,62,20,929,982,90
1079,42,2,20,341,401,90
1080,48,62,10,1,48,90
1081,26,28,10,293,373,90
1082,36,9,40,0,54,90
1083,61,63,30,601,653,90
1084,36,1,30,464,527,90
1085,91,33,20,112,182,90
1086,9,78,20,123,187,90
1087,63,55,10,267,349,90
1088,16,75,20,214,289,90
1089,21,55,40,532,587,90
1090,59,80,10,760,834,90
1091,11,76,20,152,226,90
1092,27,54,10,84,156,90
1093,23,87,40,514,559,90
1094,69,67,20,437,512,90
1095,27,46,40,249,310,90
1096,26,46,10,263,330,90
1097,25,82,20,647,716,90
1098,54,70,30,850,888,90
1099,51,90,20,630,719,90
1100,44,62,20,213,280,90
1101,0,30,10,841,896,90
1102,0,41,20,358,405,90
1103,45,64,10,25,92,90
1104,22,47,20,494,530,90
1105,60,88,30,488,548,90
1106,70,86,10,1061,1128,90
1107,51,31,10,399,452,90
1108,52,33,10,105,156,90
1109,27,54,10,498,538,90
1110,13,44,30,71,133,90
1111,48,40,10,1077,1130,90
1112,14,37,40,167,235,90
1113,77,59,20,389,439,90
1114,35,30,10,1042,1104,90
1115,15,75,20,89,163,90
1116,27,46,10,0,61,90
1117,46,10,10,64,130,90
1118,32,43,10,1011,1088,90
1119,41,14,10,527,618,90
1120,24,77,30,0,53,90
1121,39,60,10,451,515,90
1122,32,8,20,361,414,90
1123,54,32,50,347,402,90
1124,59,55,10,0,68,90
1125,29,82,20,666,736,90
1126,34,15,20,579,641,90
1127,44,35,10,927,978,90
1128,95,23,10,441,514,90
1129,37,66,20,156,205,90
1130,90,23,10,686,745,90
1131,37,65,10,73,148,90
1132,30,28,20,88,173,90
1133,37,34,10,347,414,90
1134,21,50,10,140,179,90
1135,22,31,10,787,855,90
1136,22,84,20,677,732,90
1137,25,57,20,838,897,90
1138,51,37,10,46,102,90
1139,8,51,10,600,657,90
1140,83,37,30,81,158,90
1141,67,54,20,83,133,90
1142,55,90,30,546,632,90
1143,55,30,10,529,621,90
1144,27,2,20,565,622,90
1145,97,34,10,207,267,90
1146,31,6,30,199,252,90
1147,85,27,10,577,657,90
1148,44,62,10,88,177,90
1149,45,89,20,564,643,90
1150,35,64,10,358,416,90
1151,43,12,10,641,734,90
1152,26,52,20,874,937,90
1153,46,37,20,238,301,90
1154,81,21,10,748,803,90
1155,35,67,20,570,651,90
1156,86,30,10,730,794,90
1157,21,78,20,141,187,90
1158,31,73,10,697,738,90
1159,61,87,20,999,1075,90
1160,26,52,40,285,331,90
1161,86,30,10,582,652,90
1162,28,38,10,1009,1069,90
1163,35,42,10,585,652,90
1164,85,33,10,576,651,90
1165,22,31,10,1008,1065,90
1166,95,32,20,305,361,90
1167,0,36,30,523,560,90
1168,38,6,20,527,600,90
1169,87,32,10,186,249,90
1170,27,36,10,1008,1075,90
1171,15,58,10,217,271,90
1172,55,82,10,375,450,90
1173,46,43,10,69,127,90
1174,39,32,10,795,845,90
1175,48,40,10,84,136,90
1176,58,82,30,579,644,90
1177,21,51,10,76,145,90
1178,59,86,30,580,629,90
1179,64,88,10,314,374,90
1180,23,33,10,734,795,90
1181,31,70,10,1072,1141,90
1182,6,32,10,306,357,90
1183,29,32,10,1075,1130,90
1184,51,34,10,447,498,90
1185,61,76,20,145,193,90
1186,62,82,10,100,169,90
1187,71,58,20,639,724,90
1188,47,15,40,188,266,90
1189,64,60,10,927,987,90
1190,87,38,30,34,93,90
1191,27,78,20,691,760,90
1192,50,43,10,34,88,90
1193,27,51,40,145,209,90
1194,31,52,40,711,761,90
1195,78,59,20,926,981,90
1196,37,74,20,258,322,90
1197,46,40,10,1,47,90
1198,90,37,20,108,164,90
1199,31,25,10,476,524,90
1200,60,82,30,628,685,90
1201,33,68,20,271,339,90
1202,19,80,20,118,170,90
1203,21,31,10,932,982,90
1204,23,50,10,128,201,90
1205,38,21,10,785,830,90
1206,42,62,10,910,967,90
1207,32,67,10,590,678,90
1208,52,31,20,204,274,90
1209,19,55,20,614,659,90
1210,27,76,40,379,439,90
1211,67,56,10,145,207,90
1212,24,26,10,1041,1124,90
1213,39,63,20,318,379,90
1214,2,47,20,457,510,90
1215,44,70,10,12,87,90
1216,0,39,20,579,641,90
1217,40,1,30,369,437,90
1218,43,74,10,144,199,90
1219,39,9,30,345,408,90
1220,14,74,20,156,232,90
1221,22,52,20,516,569,90
1222,27,32,10,636,707,90
1223,6,46,20,789,849,90
1224,57,82,20,676,765,90
1225,60,77,10,111,168,90
1226,0,39,30,504,534,90
1227,59,81,30,177,218,90
1228,1,41,30,7,71,90
1229,65,55,30,672,723,90
1230,53,34,50,195,243,90
1231,61,24,10,232,293,90
1232,41,65,10,47,132,90
1233,43,68,20,699,791,90
1234,46,30,10,695,727,90
1235,68,55,20,641,690,90
1236,99,33,20,288,355,90
1237,60,60,10,844,903,90
1238,28,31,30,464,525,90
1239,37,11,40,213,272,90
1240,37,28,10,226,299,90
1241,29,41,10,612,678,90
1242,38,30,10,185,264,90
1243,65,64,30,551,605,90
1244,66,54,10,734,793,90
1245,62,86,10,242,281,90
1246,0,37,20,390,439,90
1247,14,82,10,562,615,90
1248,30,27,10,468,525,90
1249,20,84,10,619,681,90
1250,10,39,20,769,832,90
1251,39,67,10,384,429,90
1252,41,32,10,948,1006,90
1253,57,80,20,71,130,90
1254,17,79,20,49,122,90
1255,33,28,10,220,281,90
1256,42,9,30,431,473,90
1257,41,33,10,676,729,90
1258,45,42,50,638,698,90
1259,43,7,40,143,193,90
1260,35,26,10,595,642,90
1261,72,61,20,397,463,90
1262,39,67,20,460,516,90
1263,0,36,30,504,545,90
1264,92,39,20,292,361,90
1265,51,61,20,530,605,90
1266,11,75,20,182,253,90
1267,50,33,10,870,915,90
1268,23,79,10,579,638,90
1269,62,74,20,60,122,90
1270,38,65,20,752,807,90
1271,64,58,10,80,154,90
1272,43,30,10,865,912,90
1273,47,17,10,145,193,90
1274,19,78,40,398,452,90
1275,36,66,20,332,382,90
1276,1,41,30,477,518,90
1277,40,6,30,506,554,90
1278,75,51,20,377,435,90
1279,41,27,10,748,786,90
1280,45,44,10,339,404,90
1281,31,38,30,413,460,90
1282,29,44,10,326,386,90
1283,27,74,30,50,111,90
1284,4,86,10,532,595,90
1285,33,64,10,185,247,90
1286,43,66,30,752,796,90
1287,16,77,20,91,143,90
1288,16,74,20,87,120,90
1289,30,28,10,157,223,90
1290,88,27,10,461,532,90
1291,33,35,20,90,167,90
1292,40,33,10,543,600,90
1293,2,43,20,354,391,90
1294,92,32,30,404,460,90
1295,25,53,10,431,487,90
1296,25,33,10,650,694,90
1297,77,53,10,165,228,90
1298,11,76,20,244,319,90
1299,29,52,20,802,874,90
1300,50,42,10,11,74,90
1301,70,61,20,470,537,90
1302,28,50,10,15,81,90
1303,45,45,10,717,753,90
1304,57,63,30,931,1003,90
1305,53,80,10,738,808,90
1306,22,84,10,6,42,90
1307,35,19,10,633,713,90
1308,44,13,30,440,495,90
1309,54,39,10,85,141,90
1310,100,31,10,469,556,90
1311,80,56,20,75,132,90
1312,29,25,10,103,157,90
1313,91,34,20,101,159,90
1314,43,28,20,273,324,90
1315,43,43,10,856,918,90
1316,47,31,10,394,455,90
1317,26,47,20,916,967,90
1318,59,37,50,347,413,90
1319,55,41,50,201,248,90
1320,32,38,10,1050,1116,90
1321,99,40,20,254,318,90
1322,46,65,10,858,911,90
1323,61,56,10,1081,1145,90
1324,37,34,10,252,302,90
1325,40,33,10,905,962,90
1326,36,29,10,185,260,90
1327,47,68,10,0,34,90
1328,11,37,30,64,122,90
1329,64,81,10,67,136,90
1330,16,92,20,694,758,90
1331,89,25,10,565,642,90
1332,28,24,20,493,575,90
1333,63,76,30,203,257,90
1334,53,88,20,684,778,90
1335,32,34,10,11,82,90
1336,7,37,20,553,609,90
1337,30,34,10,743,796,90
1338,69,51,20,70,123,90
1339,69,56,10,275,366,90
1340,21,51,10,622,707,90
1341,0,44,10,608,661,90
1342,60,81,30,465,503,90
1343,0,41,30,436,467,90
1344,20,79,10,530,571,90
1345,31,67,20,653,741,90
1346,16,78,30,608,667,90
1347,35,33,10,265,332,90
1348,72,94,20,498,564,90
1349,44,35,10,35,101,90
1350,65,61,30,707,769,90
1351,0,45,40,487,560,90
1352,41,64,10,905,951,90
1353,45,68,10,53,136,90
1354,7,52,10,663,711,90
1355,63,52,10,140,200,90
1356,67,58,30,596,648,90
1357,44,7,20,574,635,90
1358,30,0,20,557,622,90
1359,57,56,10,87,139,90
1360,18,53,10,595,635,90
1361,10,40,30,933,1002,90
1362,85,33,10,816,880,90
1363,25,62,20,581,614,90
1364,9,77,20,56,115,90
1365,29,35,10,1013,1060,90
1366,53,30,10,483,546,90
1367,25,55,10,370,411,90
1368,29,61,10,640,713,90
1369,60,56,10,748,813,90
1370,27,85,20,690,752,90
1371,40,8,40,70,115,90
1372,21,50,20,544,597,90
1373,44,66,20,1035,1105,90
1374,72,84,40,465,514,90
1375,22,39,10,390,424,90
1376,11,86,20,48,78,90
1377,56,74,10,102,158,90
1378,26,33,10,881,941,90
1379,16,58,10,460,514,90
1380,57,50,10,0,68,90
1381,9,30,20,216,263,90
1382,12,74,20,77,139,90
1383,20,52,10,357,405,90
1384,51,40,20,270,321,90
1385,18,64,10,410,460,90
1386,46,92,20,649,730,90
1387,31,31,20,114,199,90
1388,52,66,30,837,885,90
1389,53,75,10,540,620,90
1390,26,32,10,376,426,90
1391,24,51,20,490,547,90
1392,34,15,40,74,124,90
1393,37,14,40,15,75,90
1394,24,45,10,574,651,90
1395,11,76,20,166,230,90
1396,44,73,10,763,825,90
1397,27,41,10,993,1073,90
1398,38,14,10,160,217,90
1399,23,26,10,564,618,90
1400,57,56,10,0,59,90
1401,25,43,10,573,631,90
1402,43,2,20,737,796,90
1403,20,79,40,358,406,90
1404,79,36,30,74,140,90
1405,9,39,40,136,200,90
1406,67,62,30,532,587,90
1407,33,27,10,707,779,90
1408,34,15,10,126,183,90
1409,68,57,30,630,702,90
1410,25,37,10,772,853,90
1411,40,4,40,152,224,90
1412,0,37,20,406,454,90
1413,0,48,20,541,602,90
1414,33,73,20,310,382,90
1415,21,85,40,461,509,90
1416,0,49,20,554,615,90
1417,20,36,10,1053,1125,90
1418,58,48,10,12,79,90
1419,66,82,10,320,370,90
1420,40,29,20,247,294,90
1421,60,76,30,249,296,90
1422,39,72,30,112,159,90
1423,47,44,10,77,138,90
1424,24,50,10,750,800,90
1425,20,57,40,180,237,90
1426,38,31,10,1062,1123,90
1427,9,80,10,294,365,90
1428,2,54,10,681,743,90
1429,17,79,40,442,490,90
1430,45,14,40,156,235,90
1431,0,39,30,448,488,90
1432,14,35,20,698,743,90
1433,33,54,10,109,171,90
1434,26,53,20,1035,1114,90
1435,22,22,10,635,709,90
1436,44,14,10,98,165,90
1437,41,69,20,991,1074,90
1438,62,62,10,853,906,90
1439,88,32,30,50,129,90
1440,82,33,10,697,752,90
1441,95,31,10,399,491,90
1442,30,49,20,947,997,90
1443,28,84,20,560,644,90
1444,67,63,10,211,261,90
1445,85,18,10,691,743,90
1446,21,72,20,860,940,90
1447,58,36,50,389,443,90
1448,41,13,30,399,451,90
1449,35,33,30,454,517,90
1450,54,76,20,66,109,90
1451,63,52,10,706,768,90
1452,64,58,10,191,268,90
1453,79,54,20,348,402,90
1454,52,37,10,591,646,90
1455,74,55,20,188,258,90
1456,46,40,10,113,167,90
1457,26,78,10,270,340,90
1458,34,9,10,688,783,90
1459,59,59,10,850,917,90
1460,82,41,30,70,157,90
1461,79,55,10,282,357,90
1462,35,41,20,221,264,90
1463,77,81,10,257,293,90
1464,67,86,10,84,141,90
1465,49,32,50,516,584,90
1466,52,40,50,392,473,90
1467,31,26,10,901,966,90
1468,20,50,10,349,391,90
1469,92,34,10,538,619,90
1470,54,40,50,21,81,90
1471,65,78,10,222,279,90
1472,55,66,10,533,615,90
1473,65,78,10,223,286,90
1474,25,39,10,889,944,90
1475,67,54,10,208,276,90
1476,47,72,10,923,979,90
1477,4,35,40,117,193,90
1478,32,34,10,41,103,90
1479,38,69,20,404,478,90
1480,44,32,10,789,826,90
1481,1,43,20,420,484,90
1482,25,86,20,657,727,90
1483,5,37,20,373,409,90
1484,21,53,20,521,568,90
1485,46,35,10,836,873,90
1486,62,62,30,195,252,90
1487,3,41,40,38,98,90
1488,25,34,20,20,109,90
1489,41,2,20,198,263,90
1490,44,35,10,31,95,90
1491,64,57,20,484,555,90
1492,64,58,30,607,661,90
1493,33,46,10,257,314,90
1494,73,52,10,273,342,90
1495,19,30,20,234,268,90
1496,28,52,20,930,973,90
1497,17,71,20,84,120,90
1498,45,30,20,302,349,90
1499,22,22,30,820,891,90
1500,0,35,20,386,430,90
1501,24,80,40,390,434,90
1502,27,83,20,661,747,90
1503,28,52,10,83,174,90
1504,27,32,10,1012,1061,90
1505,30,48,10,213,246,90
1506,77,20,10,749,802,90
1507,19,78,40,329,380,90
1508,37,2,30,261,332,90
1509,37,68,10,36,84,90
1510,41,33,30,378,450,90
1511,34,40,10,18,80,90
1512,24,53,40,108,157,90
1513,79,50,20,352,403,90
1514,90,31,10,612,678,90
1515,62,79,40,505,540,90
1516,71,49,20,436,489,90
1517,43,71,20,132,191,90
1518,35,43,20,332,372,90
1519,49,30,20,450,512,90
1520,55,82,20,660,741,90
1521,41,28,10,810,853,90
1522,8,35,10,326,395,90
1523,35,68,20,171,232,90
1524,66,59,20,57,121,90
1525,13,79,20,156,230,90
1526,28,53,20,216,272,90
1527,46,66,30,829,879,90
1528,74,62,20,336,391,90
1529,44,56,10,41,125,90
1530,47,36,20,194,255,90
1531,33,9,30,379,431,90
1532,55,38,50,338,398,90
1533,67,55,30,567,624,90
1534,18,58,10,421,458,90
1535,21,76,30,604,655,90
1536,32,26,10,606,665,90
1537,30,80,40,478,519,90
1538,3,45,20,327,382,90
1539,88,41,30,0,59,90
1540,41,15,40,999,1067,90
1541,13,77,40,372,427,90
1542,61,64,10,1006,1065,90
1543,54,64,10,940,992,90
1544,0,44,30,456,493,90
1545,25,48,40,773,825,90
1546,29,50,10,710,791,90
1547,14,45,40,76,152,90
1548,24,77,40,329,375,90
1549,6,42,40,884,961,90
1550,24,86,10,512,571,90
1551,0,48,30,438,489,90
1552,63,84,40,904,957,90
1553,17,83,40,405,450,90
1554,61,58,30,525,600,90
1555,46,61,10,498,560,90
1556,28,29,10,562,609,90
1557,20,38,10,724,783,90
1558,40,70,10,488,570,90
1559,45,16,10,111,162,90
1560,34,63,10,387,435,90
1561,28,32,30,399,467,90
1562,4,37,30,522,577,90
1563,34,13,10,89,152,90
1564,50,33,10,685,731,90
1565,34,34,10,363,419,90
1566,48,20,10,521,558,90
1567,15,85,10,549,595,90
1568,30,27,10,640,693,90
1569,35,25,20,95,176,90
1570,0,45,10,638,691,90
1571,42,58,10,358,413,90
1572,44,30,10,878,928,90
1573,48,34,10,929,973,90
1574,36,0,30,451,511,90
1575,46,66,10,760,816,90
1576,46,61,20,842,904,90
1577,23,61,10,642,730,90
1578,19,56,10,376,432,90
1579,35,37,30,486,553,90
1580,68,56,20,446,502,90
1581,46,43,10,96,157,90
1582,41,3,30,412,459,90
1583,16,77,20,211,292,90
1584,61,82,10,331,394,90
1585,36,65,10,438,492,90
1586,34,30,20,67,126,90
1587,69,87,10,265,309,90
1588,2,43,20,390,435,90
1589,20,51,10,365,416,90
1590,11,34,20,203,253,90
1591,27,34,10,0,69,90
1592,24,24,20,93,185,90
1593,98,29,30,172,242,90
1594,43,75,10,544,619,90
1595,48,59,20,1030,1099,90
1596,21,72,30,29,81,90
1597,10,36,40,60,132,90
1598,53,82,10,800,862,90
1599,68,73,10,109,169,90
1600,40,36,20,580,660,90
1601,61,77,20,21,88,90
1602,61,76,10,702,777,90
1603,44,66,20,131,196,90
1604,40,18,40,45,103,90
1605,83,30,30,30,97,90
1606,44,62,10,751,806,90
1607,87,34,10,542,604,90
1608,30,84,20,646,692,90
1609,33,30,10,440,499,90
1610,59,71,30,643,694,90
1611,69,57,10,779,844,90
1612,33,52,40,767,823,90
1613,60,80,20,741,811,90
1614,48,42,50,193,252,90
1615,17,30,20,252,291,90
1616,59,86,20,36,98,90
1617,95,36,10,192,246,90
1618,25,54,10,621,689,90
1619,6,42,30,850,920,90
1620,49,34,10,860,912,90
1621,93,33,10,617,670,90
1622,23,54,10,16,104,90
1623,20,83,20,667,750,90
1624,85,37,10,684,758,90
1625,68,59,10,158,231,90
1626,33,68,10,433,493,90
1627,29,53,20,829,894,90
1628,86,35,10,271,325,90
1629,36,35,10,712,779,90
1630,39,66,10,785,830,90
1631,6,37,10,360,414,90
1632,37,32,10,901,957,90
1633,11,34,30,66,150,90
1634,45,39,50,133,181,90
1635,49,76,30,778,822,90
1636,39,68,20,1002,1082,90
1637,28,35,10,1066,1140,90
1638,54,34,10,408,473,90
1639,30,31,10,608,662,90
1640,65,59,30,539,605,90
1641,91,36,10,161,219,90
1642,53,31,10,517,573,90
1643,37,76,10,448,515,90
1644,58,77,20,105,157,90
1645,45,69,30,122,160,90
1646,32,30,10,652,704,90
1647,94,39,10,214,263,90
1648,41,23,10,699,750,90
1649,31,76,10,488,555,90
1650,16,82,40,362,403,90
1651,17,82,10,675,727,90
1652,92,39,30,77,152,90
1653,2,38,30,334,405,90
1654,66,83,20,389,459,90
1655,56,74,10,769,840,90
1656,22,33,10,100,166,90
1657,27,57,20,543,590,90
1658,71,51,20,330,370,90
1659,59,78,30,568,642,90
1660,90,23,10,590,653,90
1661,14,73,20,144,221,90
1662,68,54,10,236,319,90
1663,19,77,30,0,55,90
1664,89,35,20,896,966,90
1665,5,50,20,527,566,90
1666,92,34,10,607,664,90
1667,11,74,40,370,409,90
1668,25,53,20,734,809,90
1669,30,8,30,523,587,90
1670,29,5,20,554,618,90
1671,47,63,10,139,203,90
1672,52,42,50,195,233,90
1673,51,39,10,29,87,90
1674,45,25,10,705,746,90
1675,22,41,10,962,1016,90
1676,47,39,10,27,71,90
1677,72,57,10,261,344,90
1678,44,17,40,26,78,90
1679,83,27,10,1028,1078,90
1680,21,52,10,279,337,90
1681,60,60,10,234,303,90
1682,37,8,30,435,470,90
1683,35,76,10,548,613,90
1684,27,40,10,311,376,90
1685,41,66,20,281,333,90
1686,92,26,10,514,588,90
1687,27,52,40,231,283,90
1688,21,83,40,468,522,90
1689,67,55,10,123,190,90
1690,10,39,40,90,155,90
1691,48,3,30,444,508,90
1692,59,84,20,405,473,90
1693,33,67,10,11,71,90
1694,16,78,20,59,106,90
1695,35,24,20,1056,1131,90
1696,15,77,10,850,914,90
1697,29,85,20,672,734,90
1698,46,43,10,883,925,90
1699,28,41,10,290,348,90
1700,18,86,40,375,417,90
1701,35,70,10,425,491,90
1702,84,32,30,77,152,90
1703,30,51,20,883,936,90
1704,95,35,20,287,366,90
1705,41,32,10,491,552,90
1706,48,12,10,97,160,90
1707,59,58,10,64,127,90
1708,14,45,20,266,348,90
1709,36,34,10,1059,1131,90
1710,40,68,30,370,425,90
1711,74,74,10,279,332,90
1712,35,22,40,110,165,90
1713,35,50,10,637,716,90
1714,23,28,10,700,761,90
1715,29,32,10,1085,1146,90
1716,35,66,20,230,316,90
1717,84,32,10,631,699,90
1718,42,43,10,0,64,90
1719,88,29,30,375,435,90
1720,42,70,10,976,1037,90
1721,32,24,10,285,348,90
1722,22,55,20,484,535,90
1723,0,32,10,253,327,90
1724,25,49,10,0,70,90
1725,45,13,40,224,296,90
1726,51,18,10,901,954,90
1727,84,35,30,112,193,90
1728,6,50,10,679,724,90
1729,5,42,20,385,446,90
1730,64,79,10,249,291,90
1731,57,77,20,72,122,90
1732,26,56,20,333,408,90
1733,15,43,10,380,429,90
1734,45,42,10,790,842,90
1735,99,42,20,379,432,90
1736,20,78,20,77,130,90
1737,23,35,10,835,904,90
1738,38,37,10,797,854,90
1739,24,56,10,732,781,90
1740,3,53,10,658,706,90
1741,24,35,10,1020,1083,90
1742,36,7,30,517,572,90
1743,21,49,10,321,364,90
1744,46,45,10,15,80,90
1745,31,33,10,356,411,90
1746,36,65,20,554,639,90
1747,30,32,10,346,399,90
1748,28,78,40,475,536,90
1749,23,46,10,535,595,90
1750,83,33,30,43,115,90
1751,61,59,10,793,843,90
1752,11,43,10,583,638,90
1753,7,30,30,113,191,90
1754,66,83,20,359,432,90
1755,48,72,30,833,878,90
1756,43,12,10,127,183,90
1757,37,69,20,17,73,90
1758,28,54,10,599,650,90
1759,46,68,20,413,490,90
1760,61,83,20,636,719,90
1761,28,52,20,204,254,90
1762,20,58,20,31,81,90
1763,42,23,10,660,730,90
1764,42,70,20,194,256,90
1765,70,84,20,407,469,90
1766,26,23,10,610,670,90
1767,1,46,20,494,531,90
1768,56,84,20,1021,1113,90
1769,26,57,10,280,336,90
1770,64,89,40,10,53,90
1771,23,55,10,609,682,90
1772,45,71,20,229,310,90
1773,45,35,10,892,936,90
1774,69,57,10,212,281,90
1775,9,45,30,43,112,90
1776,36,62,10,69,120,90
1777,10,36,20,202,248,90
1778,28,33,10,370,432,90
1779,44,21,10,637,726,90
1780,22,87,10,534,582,90
1781,18,50,10,299,354,90
1782,37,57,10,351,414,90
1783,10,36,40,56,129,90
1784,44,65,10,322,384,90
1785,64,55,10,837,909,90
1786,38,13,10,737,834,90
1787,62,50,10,84,147,90
1788,10,30,10,328,365,90
1789,31,19,10,593,677,90
1790,22,56,20,572,628,90
1791,43,59,20,182,258,90
1792,25,35,10,266,324,90
1793,42,63,10,299,354,90
1794,76,36,30,35,114,90
1795,62,86,40,853,893,90
1796,58,48,10,599,664,90
1797,20,52,10,367,407,90
1798,84,22,10,458,497,90
1799,37,29,10,347,414,90
1800,67,61,10,754,817,90
1801,27,28,10,534,581,90
1802,54,84,10,766,841,90
1803,49,67,10,525,609,90
1804,7,50,10,624,679,90
1805,28,38,10,37,103,90
1806,66,61,30,593,660,90
1807,45,9,30,349,403,90
1808,91,35,10,192,249,90
1809,36,28,10,842,896,90
1810,25,92,20,619,686,90
1811,0,38,20,576,633,90
1812,50,10,20,601,665,90
1813,38,67,10,486,538,90
1814,24,83,20,653,716,90
1815,83,35,20,140,201,90
1816,37,62,10,254,311,90
1817,48,28,10,663,720,90
1818,9,76,20,234,307,90
1819,5,45,10,667,715,90
1820,70,56,20,473,540,90
1821,52,34,50,319,372,90
1822,26,36,10,179,234,90
1823,82,37,30,377,466,90
1824,21,79,20,212,282,90
1825,41,65,10,85,167,90
1826,83,23,10,873,920,90
1827,17,79,10,1033,1096,90
1828,48,64,10,931,980,90
1829,63,61,30,607,667,90
1830,63,67,10,682,739,90
1831,24,29,10,669,732,90
1832,36,65,20,184,229,90
1833,69,57,10,128,201,90
1834,11,42,30,435,503,90
1835,85,26,10,625,694,90
1836,4,40,10,261,317,90
1837,66,90,30,170,213,90
1838,41,70,10,757,819,90
1839,56,30,50,361,428,90
1840,41,64,10,63,146,90
1841,24,87,20,610,692,90
1842,47,35,10,56,119,90
1843,42,9,10,99,155,90
1844,82,41,20,123,175,90
1845,10,41,20,237,288,90
1846,24,27,10,680,753,90
1847,10,75,20,171,238,90
1848,28,32,10,1015,1110,90
1849,29,51,10,132,204,90
1850,65,55,10,125,194,90
1851,46,25,10,521,614,90
1852,40,38,20,5,74,90
1853,30,36,10,589,637,90
1854,40,13,40,38,89,90
1855,21,31,10,742,805,90
1856,23,34,10,505,556,90
1857,24,37,10,811,868,90
1858,69,59,10,250,327,90
1859,36,10,30,499,570,90
1860,20,49,10,438,484,90
1861,66,86,20,427,506,90
1862,39,72,20,47,109,90
1863,5,35,20,367,416,90
1864,23,58,10,582,667,90
1865,82,29,10,739,783,90
1866,28,30,30,533,592,90
1867,39,62,20,591,656,90
1868,70,57,10,197,245,90
1869,51,33,20,335,392,90
1870,3,35,10,833,893,90
1871,42,8,40,122,184,90
1872,40,1,30,426,469,90
1873,38,68,10,86,160,90
1874,9,38,20,392,447,90
1875,20,50,10,665,738,90
1876,15,43,30,0,59,90
1877,63,65,10,462,516,90
1878,40,66,10,486,560,90
1879,21,41,20,192,238,90
1880,43,65,10,126,187,90
1881,32,69,30,23,82,90
1882,61,81,30,199,240,90
1883,94,28,30,678,741,90
1884,27,90,20,644,723,90
1885,27,51,20,72,147,90
1886,31,69,10,278,337,90
1887,56,55,10,49,101,90
1888,92,18,10,782,829,90
1889,46,17,40,176,229,90
1890,40,12,40,1041,1072,90
1891,61,79,10,920,980,90
1892,56,29,10,701,749,90
1893,48,32,10,932,987,90
1894,35,63,10,546,633,90
1895,47,0,20,428,483,90
1896,47,63,10,43,130,90
1897,66,83,40,481,543,90
1898,90,35,10,89,165,90
1899,41,61,10,940,1021,90
1900,1,42,40,102,181,90
1901,10,81,10,306,378,90
1902,22,31,30,428,499,90
1903,99,28,20,898,976,90
1904,0,42,30,681,720,90
1905,50,36,50,185,229,90
1906,62,91,40,454,484,90
1907,9,49,20,678,746,90
1908,21,84,40,62,109,90
1909,24,33,10,649,715,90
1910,30,32,10,462,517,90
1911,57,57,10,1000,1073,90
1912,8,47,20,593,648,90
1913,13,48,20,765,834,90
1914,27,53,10,775,817,90
1915,16,69,40,417,463,90
1916,66,55,20,460,516,90
1917,100,36,20,329,398,90
1918,10,35,20,626,656,90
1919,37,23,10,385,437,90
1920,55,57,10,15,71,90
1921,32,27,10,472,523,90
1922,74,61,10,320,389,90
1923,50,68,10,37,123,90
1924,100,35,30,445,505,90
1925,70,57,20,419,474,90
1926,47,75,10,925,983,90
1927,34,49,20,189,274,90
1928,29,30,10,683,735,90
1929,47,72,30,874,906,90
1930,27,55,20,885,929,90
1931,36,49,20,237,307,90
1932,22,58,20,550,596,90
1933,45,0,20,332,393,90
1934,3,53,10,677,727,90
1935,49,41,50,253,316,90
1936,29,32,10,992,1066,90
1937,48,81,20,665,747,90
1938,53,86,20,627,718,90
1939,29,28,10,964,1026,90
1940,6,36,30,85,161,90
1941,66,57,30,497,546,90
1942,18,49,10,245,310,90
1943,23,29,10,985,1055,90
1944,59,77,20,48,99,90
1945,29,59,10,640,697,90
1946,27,41,10,997,1061,90
1947,67,73,30,197,238,90
1948,94,31,30,428,492,90
1949,43,73,20,986,1060,90
1950,36,29,10,302,356,90
1951,59,55,10,0,58,90
1952,20,55,10,31,81,90
1953,35,38,10,1062,1146,90
1954,28,25,10,790,856,90
1955,49,37,10,889,942,90
1956,6,39,40,40,110,90
1957,72,62,30,533,586,90
1958,44,71,30,811,847,90
1959,20,57,20,599,655,90
1960,44,68,20,131,175,90
1961,28,47,40,93,150,90
1962,61,78,30,618,678,90
1963,68,58,10,510,582,90
1964,18,94,40,475,529,90
1965,31,52,20,795,869,90
1966,66,57,10,761,825,90
1967,60,72,20,44,92,90
1968,0,41,30,483,527,90
1969,0,38,30,507,556,90
1970,39,30,10,155,234,90
1971,42,35,10,110,158,90
1972,43,28,10,365,421,90
1973,47,67,20,148,196,90
1974,18,80,10,293,351,90
1975,30,23,10,336,385,90
1976,25,26,20,749,830,90
1977,29,29,10,516,581,90
1978,8,39,40,953,1018,90
1979,50,31,10,926,988,90
1980,32,2,20,531,600,90
1981,68,84,10,268,329,90
1982,26,46,10,2,64,90
1983,16,71,20,136,195,90
1984,45,7,30,392,446,90
1985,39,10,10,76,144,90
1986,88,36,10,831,908,90
1987,65,80,10,121,164,90
1988,36,70,20,1063,1131,90
1989,47,65,10,39,87,90
1990,33,65,20,186,229,90
1991,45,32,10,922,980,90
1992,50,33,50,456,515,90
1993,83,25,10,793,842,90
1994,39,6,30,500,570,90
1995,37,18,40,11,61,90
1996,11,33,40,123,184,90
1997,29,50,20,864,928,90
1998,48,66,10,412,469,90
1999,0,39,30,520,570,90
2000,64,80,30,234,286,90
